-- phpMyAdmin SQL Dump
-- version 4.8.4
-- https://www.phpmyadmin.net/
--
-- Servidor: 127.0.0.1
-- Tiempo de generación: 22-05-2019 a las 20:04:19
-- Versión del servidor: 10.1.37-MariaDB
-- Versión de PHP: 7.3.0

SET SQL_MODE = "NO_AUTO_VALUE_ON_ZERO";
SET AUTOCOMMIT = 0;
START TRANSACTION;
SET time_zone = "+00:00";


/*!40101 SET @OLD_CHARACTER_SET_CLIENT=@@CHARACTER_SET_CLIENT */;
/*!40101 SET @OLD_CHARACTER_SET_RESULTS=@@CHARACTER_SET_RESULTS */;
/*!40101 SET @OLD_COLLATION_CONNECTION=@@COLLATION_CONNECTION */;
/*!40101 SET NAMES utf8mb4 */;

--
-- Base de datos: `agendamiento`
--

-- --------------------------------------------------------

--
-- Estructura de tabla para la tabla `citas`
--

CREATE TABLE `citas` (
  `id` bigint(20) UNSIGNED NOT NULL,
  `id_cliente` int(10) UNSIGNED NOT NULL,
  `id_empleado` int(10) UNSIGNED NOT NULL,
  `fecha_cita` date NOT NULL,
  `hora_cita` time NOT NULL,
  `estado` varchar(191) COLLATE utf8mb4_unicode_ci NOT NULL DEFAULT 'pendiente'
) ENGINE=InnoDB DEFAULT CHARSET=utf8mb4 COLLATE=utf8mb4_unicode_ci;

--
-- Volcado de datos para la tabla `citas`
--

INSERT INTO `citas` (`id`, `id_cliente`, `id_empleado`, `fecha_cita`, `hora_cita`, `estado`) VALUES
(1, 1, 3, '2019-05-15', '10:00:00', 'pendiente'),
(2, 1, 4, '2019-05-16', '10:00:00', 'pendiente'),
(3, 2, 3, '2019-05-16', '10:00:00', 'pendiente');

-- --------------------------------------------------------

--
-- Estructura de tabla para la tabla `migrations`
--

CREATE TABLE `migrations` (
  `id` int(10) UNSIGNED NOT NULL,
  `migration` varchar(191) COLLATE utf8mb4_unicode_ci NOT NULL,
  `batch` int(11) NOT NULL
) ENGINE=InnoDB DEFAULT CHARSET=utf8mb4 COLLATE=utf8mb4_unicode_ci;

--
-- Volcado de datos para la tabla `migrations`
--

INSERT INTO `migrations` (`id`, `migration`, `batch`) VALUES
(1, '2014_10_12_000000_create_users_table', 1),
(2, '2014_10_12_100000_create_password_resets_table', 1),
(3, '2016_06_01_000001_create_oauth_auth_codes_table', 1),
(4, '2016_06_01_000002_create_oauth_access_tokens_table', 1),
(5, '2016_06_01_000003_create_oauth_refresh_tokens_table', 1),
(6, '2016_06_01_000004_create_oauth_clients_table', 1),
(7, '2016_06_01_000005_create_oauth_personal_access_clients_table', 1),
(8, '2019_05_10_180003_create_permission_tables', 1),
(9, '2019_05_13_175032_create_citas_table', 1);

-- --------------------------------------------------------

--
-- Estructura de tabla para la tabla `model_has_permissions`
--

CREATE TABLE `model_has_permissions` (
  `permission_id` int(10) UNSIGNED NOT NULL,
  `model_type` varchar(191) COLLATE utf8mb4_unicode_ci NOT NULL,
  `model_id` bigint(20) UNSIGNED NOT NULL
) ENGINE=InnoDB DEFAULT CHARSET=utf8mb4 COLLATE=utf8mb4_unicode_ci;

-- --------------------------------------------------------

--
-- Estructura de tabla para la tabla `model_has_roles`
--

CREATE TABLE `model_has_roles` (
  `role_id` int(10) UNSIGNED NOT NULL,
  `model_type` varchar(191) COLLATE utf8mb4_unicode_ci NOT NULL,
  `model_id` bigint(20) UNSIGNED NOT NULL
) ENGINE=InnoDB DEFAULT CHARSET=utf8mb4 COLLATE=utf8mb4_unicode_ci;

--
-- Volcado de datos para la tabla `model_has_roles`
--

INSERT INTO `model_has_roles` (`role_id`, `model_type`, `model_id`) VALUES
(2, 'App\\User', 1),
(2, 'App\\User', 2),
(3, 'App\\User', 3),
(3, 'App\\User', 4);

-- --------------------------------------------------------

--
-- Estructura de tabla para la tabla `oauth_access_tokens`
--

CREATE TABLE `oauth_access_tokens` (
  `id` varchar(100) COLLATE utf8mb4_unicode_ci NOT NULL,
  `user_id` int(11) DEFAULT NULL,
  `client_id` int(10) UNSIGNED NOT NULL,
  `name` varchar(191) COLLATE utf8mb4_unicode_ci DEFAULT NULL,
  `scopes` text COLLATE utf8mb4_unicode_ci,
  `revoked` tinyint(1) NOT NULL,
  `created_at` timestamp NULL DEFAULT NULL,
  `updated_at` timestamp NULL DEFAULT NULL,
  `expires_at` datetime DEFAULT NULL
) ENGINE=InnoDB DEFAULT CHARSET=utf8mb4 COLLATE=utf8mb4_unicode_ci;

--
-- Volcado de datos para la tabla `oauth_access_tokens`
--

INSERT INTO `oauth_access_tokens` (`id`, `user_id`, `client_id`, `name`, `scopes`, `revoked`, `created_at`, `updated_at`, `expires_at`) VALUES
('01b56da745398220a2c4e33d3ff4ed4d133fdd888af590a474ad3a268ffcee0aea0d8b95fbd41fb6', 1, 1, 'MyApp', '[]', 0, '2019-05-21 15:19:09', '2019-05-21 15:19:09', '2020-05-21 20:49:09'),
('04d82ff810259d3c4bcc3f39866b8277f29b518af987282610ce0241d686f92a4746e48274e2291c', 1, 1, 'MyApp', '[]', 0, '2019-05-22 09:56:38', '2019-05-22 09:56:38', '2020-05-22 15:26:38');

-- --------------------------------------------------------

--
-- Estructura de tabla para la tabla `oauth_auth_codes`
--

CREATE TABLE `oauth_auth_codes` (
  `id` varchar(100) COLLATE utf8mb4_unicode_ci NOT NULL,
  `user_id` int(11) NOT NULL,
  `client_id` int(10) UNSIGNED NOT NULL,
  `scopes` text COLLATE utf8mb4_unicode_ci,
  `revoked` tinyint(1) NOT NULL,
  `expires_at` datetime DEFAULT NULL
) ENGINE=InnoDB DEFAULT CHARSET=utf8mb4 COLLATE=utf8mb4_unicode_ci;

-- --------------------------------------------------------

--
-- Estructura de tabla para la tabla `oauth_clients`
--

CREATE TABLE `oauth_clients` (
  `id` int(10) UNSIGNED NOT NULL,
  `user_id` int(11) DEFAULT NULL,
  `name` varchar(191) COLLATE utf8mb4_unicode_ci NOT NULL,
  `secret` varchar(100) COLLATE utf8mb4_unicode_ci NOT NULL,
  `redirect` text COLLATE utf8mb4_unicode_ci NOT NULL,
  `personal_access_client` tinyint(1) NOT NULL,
  `password_client` tinyint(1) NOT NULL,
  `revoked` tinyint(1) NOT NULL,
  `created_at` timestamp NULL DEFAULT NULL,
  `updated_at` timestamp NULL DEFAULT NULL
) ENGINE=InnoDB DEFAULT CHARSET=utf8mb4 COLLATE=utf8mb4_unicode_ci;

--
-- Volcado de datos para la tabla `oauth_clients`
--

INSERT INTO `oauth_clients` (`id`, `user_id`, `name`, `secret`, `redirect`, `personal_access_client`, `password_client`, `revoked`, `created_at`, `updated_at`) VALUES
(1, NULL, 'Laravel Personal Access Client', 'sLVqvMSbBlZvowdglT5I8t92vFlKBUi7uE2iafhK', 'http://localhost', 1, 0, 0, '2019-05-20 15:17:49', '2019-05-20 15:17:49'),
(2, NULL, 'Laravel Password Grant Client', 'MmZJlPukL0zwSTcYJDeU90h8BfcsmQliDvQj1ZG8', 'http://localhost', 0, 1, 0, '2019-05-20 15:17:49', '2019-05-20 15:17:49');

-- --------------------------------------------------------

--
-- Estructura de tabla para la tabla `oauth_personal_access_clients`
--

CREATE TABLE `oauth_personal_access_clients` (
  `id` int(10) UNSIGNED NOT NULL,
  `client_id` int(10) UNSIGNED NOT NULL,
  `created_at` timestamp NULL DEFAULT NULL,
  `updated_at` timestamp NULL DEFAULT NULL
) ENGINE=InnoDB DEFAULT CHARSET=utf8mb4 COLLATE=utf8mb4_unicode_ci;

--
-- Volcado de datos para la tabla `oauth_personal_access_clients`
--

INSERT INTO `oauth_personal_access_clients` (`id`, `client_id`, `created_at`, `updated_at`) VALUES
(1, 1, '2019-05-20 15:17:49', '2019-05-20 15:17:49');

-- --------------------------------------------------------

--
-- Estructura de tabla para la tabla `oauth_refresh_tokens`
--

CREATE TABLE `oauth_refresh_tokens` (
  `id` varchar(100) COLLATE utf8mb4_unicode_ci NOT NULL,
  `access_token_id` varchar(100) COLLATE utf8mb4_unicode_ci NOT NULL,
  `revoked` tinyint(1) NOT NULL,
  `expires_at` datetime DEFAULT NULL
) ENGINE=InnoDB DEFAULT CHARSET=utf8mb4 COLLATE=utf8mb4_unicode_ci;

-- --------------------------------------------------------

--
-- Estructura de tabla para la tabla `password_resets`
--

CREATE TABLE `password_resets` (
  `email` varchar(191) COLLATE utf8mb4_unicode_ci NOT NULL,
  `token` varchar(191) COLLATE utf8mb4_unicode_ci NOT NULL,
  `created_at` timestamp NULL DEFAULT NULL
) ENGINE=InnoDB DEFAULT CHARSET=utf8mb4 COLLATE=utf8mb4_unicode_ci;

-- --------------------------------------------------------

--
-- Estructura de tabla para la tabla `permissions`
--

CREATE TABLE `permissions` (
  `id` int(10) UNSIGNED NOT NULL,
  `name` varchar(191) COLLATE utf8mb4_unicode_ci NOT NULL,
  `guard_name` varchar(191) COLLATE utf8mb4_unicode_ci NOT NULL,
  `created_at` timestamp NULL DEFAULT NULL,
  `updated_at` timestamp NULL DEFAULT NULL
) ENGINE=InnoDB DEFAULT CHARSET=utf8mb4 COLLATE=utf8mb4_unicode_ci;

--
-- Volcado de datos para la tabla `permissions`
--

INSERT INTO `permissions` (`id`, `name`, `guard_name`, `created_at`, `updated_at`) VALUES
(1, 'user profile show', 'web', '2019-05-20 15:20:13', '2019-05-20 15:20:13'),
(2, 'user profile update', 'web', '2019-05-20 15:20:13', '2019-05-20 15:20:13'),
(3, 'user profile delete', 'web', '2019-05-20 15:20:13', '2019-05-20 15:20:13'),
(4, 'users list', 'web', '2019-05-20 15:20:13', '2019-05-20 15:20:13'),
(5, 'cita cliente show', 'web', '2019-05-20 15:20:13', '2019-05-20 15:20:13'),
(6, 'cita cliente list', 'web', '2019-05-20 15:20:13', '2019-05-20 15:20:13'),
(7, 'cita cliente update', 'web', '2019-05-20 15:20:13', '2019-05-20 15:20:13'),
(8, 'cita cliente delete', 'web', '2019-05-20 15:20:13', '2019-05-20 15:20:13'),
(9, 'cita empleado show', 'web', '2019-05-20 15:20:13', '2019-05-20 15:20:13'),
(10, 'cita empleado list', 'web', '2019-05-20 15:20:13', '2019-05-20 15:20:13'),
(11, 'cita empleado update', 'web', '2019-05-20 15:20:13', '2019-05-20 15:20:13'),
(12, 'cita empleado delete', 'web', '2019-05-20 15:20:14', '2019-05-20 15:20:14'),
(13, 'cita create', 'web', '2019-05-20 15:20:14', '2019-05-20 15:20:14'),
(14, 'cita show', 'web', '2019-05-20 15:20:14', '2019-05-20 15:20:14'),
(15, 'cita list', 'web', '2019-05-20 15:20:14', '2019-05-20 15:20:14'),
(16, 'cita update', 'web', '2019-05-20 15:20:14', '2019-05-20 15:20:14'),
(17, 'cita delete', 'web', '2019-05-20 15:20:14', '2019-05-20 15:20:14');

-- --------------------------------------------------------

--
-- Estructura de tabla para la tabla `roles`
--

CREATE TABLE `roles` (
  `id` int(10) UNSIGNED NOT NULL,
  `name` varchar(191) COLLATE utf8mb4_unicode_ci NOT NULL,
  `guard_name` varchar(191) COLLATE utf8mb4_unicode_ci NOT NULL,
  `created_at` timestamp NULL DEFAULT NULL,
  `updated_at` timestamp NULL DEFAULT NULL
) ENGINE=InnoDB DEFAULT CHARSET=utf8mb4 COLLATE=utf8mb4_unicode_ci;

--
-- Volcado de datos para la tabla `roles`
--

INSERT INTO `roles` (`id`, `name`, `guard_name`, `created_at`, `updated_at`) VALUES
(1, 'admin', 'web', '2019-05-20 15:20:14', '2019-05-20 15:20:14'),
(2, 'cliente', 'web', '2019-05-20 15:20:15', '2019-05-20 15:20:15'),
(3, 'empleado', 'web', '2019-05-20 15:20:15', '2019-05-20 15:20:15');

-- --------------------------------------------------------

--
-- Estructura de tabla para la tabla `role_has_permissions`
--

CREATE TABLE `role_has_permissions` (
  `permission_id` int(10) UNSIGNED NOT NULL,
  `role_id` int(10) UNSIGNED NOT NULL
) ENGINE=InnoDB DEFAULT CHARSET=utf8mb4 COLLATE=utf8mb4_unicode_ci;

--
-- Volcado de datos para la tabla `role_has_permissions`
--

INSERT INTO `role_has_permissions` (`permission_id`, `role_id`) VALUES
(1, 1),
(1, 2),
(1, 3),
(2, 1),
(2, 2),
(2, 3),
(3, 1),
(3, 2),
(3, 3),
(4, 1),
(5, 1),
(5, 2),
(6, 1),
(6, 2),
(7, 1),
(7, 2),
(8, 1),
(8, 2),
(9, 1),
(9, 3),
(10, 1),
(10, 3),
(11, 1),
(11, 3),
(12, 1),
(12, 3),
(13, 1),
(14, 1),
(15, 1),
(16, 1),
(17, 1);

-- --------------------------------------------------------

--
-- Estructura de tabla para la tabla `users`
--

CREATE TABLE `users` (
  `id` int(10) UNSIGNED NOT NULL,
  `name` varchar(191) COLLATE utf8mb4_unicode_ci DEFAULT NULL,
  `email` varchar(191) COLLATE utf8mb4_unicode_ci NOT NULL,
  `email_verified_at` timestamp NULL DEFAULT NULL,
  `password` varchar(191) COLLATE utf8mb4_unicode_ci NOT NULL,
  `remember_token` varchar(100) COLLATE utf8mb4_unicode_ci DEFAULT NULL,
  `created_at` timestamp NULL DEFAULT NULL,
  `updated_at` timestamp NULL DEFAULT NULL
) ENGINE=InnoDB DEFAULT CHARSET=utf8mb4 COLLATE=utf8mb4_unicode_ci;

--
-- Volcado de datos para la tabla `users`
--

INSERT INTO `users` (`id`, `name`, `email`, `email_verified_at`, `password`, `remember_token`, `created_at`, `updated_at`) VALUES
(1, NULL, 'humbert@gmail.com', NULL, '$2y$10$X8lLhJvSIiG3aQ2w.7zLbOLRtWLV4sY0S1rPUuQ7TSEU5mCCczu6q', NULL, NULL, NULL),
(2, NULL, 'ragnar@gmail.com', NULL, '$2y$10$JikBBPgIHowsLOAutl91A.2mIrvWDE12MOonNgpFPvlX8Ns5n.nui', NULL, NULL, NULL),
(3, NULL, 'maria@gmail.com', NULL, '$2y$10$Rh.KrM3VT.TrQUqddbXCZOJu9EGbTfxMVKAKt4fElmGfGrRlBt7ei', NULL, NULL, NULL),
(4, NULL, 'jane@gmail.com', NULL, '$2y$10$GrUReXUMycU6vVsvbHZ7.ePAzkLnvWVWwyiz.kHRozkBz/NXAMTTi', NULL, NULL, NULL);

--
-- Índices para tablas volcadas
--

--
-- Indices de la tabla `citas`
--
ALTER TABLE `citas`
  ADD PRIMARY KEY (`id`),
  ADD UNIQUE KEY `citas_id_empleado_fecha_cita_hora_cita_unique` (`id_empleado`,`fecha_cita`,`hora_cita`),
  ADD KEY `citas_id_cliente_foreign` (`id_cliente`);

--
-- Indices de la tabla `migrations`
--
ALTER TABLE `migrations`
  ADD PRIMARY KEY (`id`);

--
-- Indices de la tabla `model_has_permissions`
--
ALTER TABLE `model_has_permissions`
  ADD PRIMARY KEY (`permission_id`,`model_id`,`model_type`),
  ADD KEY `model_has_permissions_model_id_model_type_index` (`model_id`,`model_type`);

--
-- Indices de la tabla `model_has_roles`
--
ALTER TABLE `model_has_roles`
  ADD PRIMARY KEY (`role_id`,`model_id`,`model_type`),
  ADD KEY `model_has_roles_model_id_model_type_index` (`model_id`,`model_type`);

--
-- Indices de la tabla `oauth_access_tokens`
--
ALTER TABLE `oauth_access_tokens`
  ADD PRIMARY KEY (`id`),
  ADD KEY `oauth_access_tokens_user_id_index` (`user_id`);

--
-- Indices de la tabla `oauth_auth_codes`
--
ALTER TABLE `oauth_auth_codes`
  ADD PRIMARY KEY (`id`);

--
-- Indices de la tabla `oauth_clients`
--
ALTER TABLE `oauth_clients`
  ADD PRIMARY KEY (`id`),
  ADD KEY `oauth_clients_user_id_index` (`user_id`);

--
-- Indices de la tabla `oauth_personal_access_clients`
--
ALTER TABLE `oauth_personal_access_clients`
  ADD PRIMARY KEY (`id`),
  ADD KEY `oauth_personal_access_clients_client_id_index` (`client_id`);

--
-- Indices de la tabla `oauth_refresh_tokens`
--
ALTER TABLE `oauth_refresh_tokens`
  ADD PRIMARY KEY (`id`),
  ADD KEY `oauth_refresh_tokens_access_token_id_index` (`access_token_id`);

--
-- Indices de la tabla `password_resets`
--
ALTER TABLE `password_resets`
  ADD KEY `password_resets_email_index` (`email`);

--
-- Indices de la tabla `permissions`
--
ALTER TABLE `permissions`
  ADD PRIMARY KEY (`id`);

--
-- Indices de la tabla `roles`
--
ALTER TABLE `roles`
  ADD PRIMARY KEY (`id`);

--
-- Indices de la tabla `role_has_permissions`
--
ALTER TABLE `role_has_permissions`
  ADD PRIMARY KEY (`permission_id`,`role_id`),
  ADD KEY `role_has_permissions_role_id_foreign` (`role_id`);

--
-- Indices de la tabla `users`
--
ALTER TABLE `users`
  ADD PRIMARY KEY (`id`),
  ADD UNIQUE KEY `users_email_unique` (`email`);

--
-- AUTO_INCREMENT de las tablas volcadas
--

--
-- AUTO_INCREMENT de la tabla `citas`
--
ALTER TABLE `citas`
  MODIFY `id` bigint(20) UNSIGNED NOT NULL AUTO_INCREMENT, AUTO_INCREMENT=4;

--
-- AUTO_INCREMENT de la tabla `migrations`
--
ALTER TABLE `migrations`
  MODIFY `id` int(10) UNSIGNED NOT NULL AUTO_INCREMENT, AUTO_INCREMENT=10;

--
-- AUTO_INCREMENT de la tabla `oauth_clients`
--
ALTER TABLE `oauth_clients`
  MODIFY `id` int(10) UNSIGNED NOT NULL AUTO_INCREMENT, AUTO_INCREMENT=3;

--
-- AUTO_INCREMENT de la tabla `oauth_personal_access_clients`
--
ALTER TABLE `oauth_personal_access_clients`
  MODIFY `id` int(10) UNSIGNED NOT NULL AUTO_INCREMENT, AUTO_INCREMENT=2;

--
-- AUTO_INCREMENT de la tabla `permissions`
--
ALTER TABLE `permissions`
  MODIFY `id` int(10) UNSIGNED NOT NULL AUTO_INCREMENT, AUTO_INCREMENT=18;

--
-- AUTO_INCREMENT de la tabla `roles`
--
ALTER TABLE `roles`
  MODIFY `id` int(10) UNSIGNED NOT NULL AUTO_INCREMENT, AUTO_INCREMENT=4;

--
-- AUTO_INCREMENT de la tabla `users`
--
ALTER TABLE `users`
  MODIFY `id` int(10) UNSIGNED NOT NULL AUTO_INCREMENT, AUTO_INCREMENT=5;

--
-- Restricciones para tablas volcadas
--

--
-- Filtros para la tabla `citas`
--
ALTER TABLE `citas`
  ADD CONSTRAINT `citas_id_cliente_foreign` FOREIGN KEY (`id_cliente`) REFERENCES `users` (`id`) ON DELETE CASCADE,
  ADD CONSTRAINT `citas_id_empleado_foreign` FOREIGN KEY (`id_empleado`) REFERENCES `users` (`id`) ON DELETE CASCADE;

--
-- Filtros para la tabla `model_has_permissions`
--
ALTER TABLE `model_has_permissions`
  ADD CONSTRAINT `model_has_permissions_permission_id_foreign` FOREIGN KEY (`permission_id`) REFERENCES `permissions` (`id`) ON DELETE CASCADE;

--
-- Filtros para la tabla `model_has_roles`
--
ALTER TABLE `model_has_roles`
  ADD CONSTRAINT `model_has_roles_role_id_foreign` FOREIGN KEY (`role_id`) REFERENCES `roles` (`id`) ON DELETE CASCADE;

--
-- Filtros para la tabla `role_has_permissions`
--
ALTER TABLE `role_has_permissions`
  ADD CONSTRAINT `role_has_permissions_permission_id_foreign` FOREIGN KEY (`permission_id`) REFERENCES `permissions` (`id`) ON DELETE CASCADE,
  ADD CONSTRAINT `role_has_permissions_role_id_foreign` FOREIGN KEY (`role_id`) REFERENCES `roles` (`id`) ON DELETE CASCADE;
COMMIT;

/*!40101 SET CHARACTER_SET_CLIENT=@OLD_CHARACTER_SET_CLIENT */;
/*!40101 SET CHARACTER_SET_RESULTS=@OLD_CHARACTER_SET_RESULTS */;
/*!40101 SET COLLATION_CONNECTION=@OLD_COLLATION_CONNECTION */;
